year,country,variable,sector,unit,value,namefile
2002,Belgium,hicp,,IND_LEV,77.97,hicp.xlsx
2002,Bulgaria,hicp,,IND_LEV,61.44,hicp.xlsx
2002,Czechia,hicp,,IND_LEV,78.2,hicp.xlsx
2002,Denmark,hicp,,IND_LEV,81.2,hicp.xlsx
2002,Germany,hicp,,IND_LEV,81.5,hicp.xlsx
2002,Estonia,hicp,,IND_LEV,63.71,hicp.xlsx
2002,Ireland,hicp,,IND_LEV,84,hicp.xlsx
2002,Greece,hicp,,IND_LEV,76.48,hicp.xlsx
2002,Spain,hicp,,IND_LEV,75.86,hicp.xlsx
2002,France,hicp,,IND_LEV,81.16,hicp.xlsx
2002,Croatia,hicp,,IND_LEV,74.11,hicp.xlsx
2002,Italy,hicp,,IND_LEV,77.9,hicp.xlsx
2002,Cyprus,hicp,,IND_LEV,78.53,hicp.xlsx
2002,Latvia,hicp,,IND_LEV,57.69,hicp.xlsx
2002,Lithuania,hicp,,IND_LEV,69.98,hicp.xlsx
2002,Luxembourg,hicp,,IND_LEV,73.6,hicp.xlsx
2002,Hungary,hicp,,IND_LEV,59.64,hicp.xlsx
2002,Malta,hicp,,IND_LEV,76.1,hicp.xlsx
2002,Netherlands,hicp,,IND_LEV,81.35,hicp.xlsx
2002,Austria,hicp,,IND_LEV,78.04,hicp.xlsx
2002,Poland,hicp,,IND_LEV,75.2,hicp.xlsx
2002,Portugal,hicp,,IND_LEV,79.24,hicp.xlsx
2002,Romania,hicp,,IND_LEV,46.14,hicp.xlsx
2002,Slovenia,hicp,,IND_LEV,72.37,hicp.xlsx
2002,Slovakia,hicp,,IND_LEV,68.21,hicp.xlsx
2002,Finland,hicp,,IND_LEV,80.42,hicp.xlsx
2002,Sweden,hicp,,IND_LEV,83.51,hicp.xlsx
2003,Belgium,hicp,,IND_LEV,79.16,hicp.xlsx
2003,Bulgaria,hicp,,IND_LEV,62.88,hicp.xlsx
2003,Czechia,hicp,,IND_LEV,78.2,hicp.xlsx
2003,Denmark,hicp,,IND_LEV,82.7,hicp.xlsx
2003,Germany,hicp,,IND_LEV,82.4,hicp.xlsx
2003,Estonia,hicp,,IND_LEV,64.59,hicp.xlsx
2003,Ireland,hicp,,IND_LEV,87.3,hicp.xlsx
2003,Greece,hicp,,IND_LEV,79.12,hicp.xlsx
2003,Spain,hicp,,IND_LEV,78.21,hicp.xlsx
2003,France,hicp,,IND_LEV,82.93,hicp.xlsx
2003,Croatia,hicp,,IND_LEV,75.88,hicp.xlsx
2003,Italy,hicp,,IND_LEV,80.1,hicp.xlsx
2003,Cyprus,hicp,,IND_LEV,81.65,hicp.xlsx
2003,Latvia,hicp,,IND_LEV,59.39,hicp.xlsx
2003,Lithuania,hicp,,IND_LEV,69.22,hicp.xlsx
2003,Luxembourg,hicp,,IND_LEV,75.47,hicp.xlsx
2003,Hungary,hicp,,IND_LEV,62.43,hicp.xlsx
2003,Malta,hicp,,IND_LEV,77.56,hicp.xlsx
2003,Netherlands,hicp,,IND_LEV,83.16,hicp.xlsx
2003,Austria,hicp,,IND_LEV,79.05,hicp.xlsx
2003,Poland,hicp,,IND_LEV,75.7,hicp.xlsx
2003,Portugal,hicp,,IND_LEV,81.8,hicp.xlsx
2003,Romania,hicp,,IND_LEV,53.18,hicp.xlsx
2003,Slovenia,hicp,,IND_LEV,76.46,hicp.xlsx
2003,Slovakia,hicp,,IND_LEV,73.96,hicp.xlsx
2003,Finland,hicp,,IND_LEV,81.46,hicp.xlsx
2003,Sweden,hicp,,IND_LEV,85.44,hicp.xlsx
2004,Belgium,hicp,,IND_LEV,80.63,hicp.xlsx
2004,Bulgaria,hicp,,IND_LEV,66.75,hicp.xlsx
2004,Czechia,hicp,,IND_LEV,80.2,hicp.xlsx
2004,Denmark,hicp,,IND_LEV,83.5,hicp.xlsx
2004,Germany,hicp,,IND_LEV,83.8,hicp.xlsx
2004,Estonia,hicp,,IND_LEV,66.55,hicp.xlsx
2004,Ireland,hicp,,IND_LEV,89.3,hicp.xlsx
2004,Greece,hicp,,IND_LEV,81.51,hicp.xlsx
2004,Spain,hicp,,IND_LEV,80.6,hicp.xlsx
2004,France,hicp,,IND_LEV,84.86,hicp.xlsx
2004,Croatia,hicp,,IND_LEV,77.51,hicp.xlsx
2004,Italy,hicp,,IND_LEV,81.9,hicp.xlsx
2004,Cyprus,hicp,,IND_LEV,83.2,hicp.xlsx
2004,Latvia,hicp,,IND_LEV,63.06,hicp.xlsx
2004,Lithuania,hicp,,IND_LEV,70.02,hicp.xlsx
2004,Luxembourg,hicp,,IND_LEV,77.91,hicp.xlsx
2004,Hungary,hicp,,IND_LEV,66.66,hicp.xlsx
2004,Malta,hicp,,IND_LEV,79.68,hicp.xlsx
2004,Netherlands,hicp,,IND_LEV,84.32,hicp.xlsx
2004,Austria,hicp,,IND_LEV,80.6,hicp.xlsx
2004,Poland,hicp,,IND_LEV,78.5,hicp.xlsx
2004,Portugal,hicp,,IND_LEV,83.85,hicp.xlsx
2004,Romania,hicp,,IND_LEV,59.51,hicp.xlsx
2004,Slovenia,hicp,,IND_LEV,79.26,hicp.xlsx
2004,Slovakia,hicp,,IND_LEV,79.49,hicp.xlsx
2004,Finland,hicp,,IND_LEV,81.58,hicp.xlsx
2004,Sweden,hicp,,IND_LEV,86.32,hicp.xlsx
2005,Belgium,hicp,,IND_LEV,82.67,hicp.xlsx
2005,Bulgaria,hicp,,IND_LEV,70.78,hicp.xlsx
2005,Czechia,hicp,,IND_LEV,81.5,hicp.xlsx
2005,Denmark,hicp,,IND_LEV,85,hicp.xlsx
2005,Germany,hicp,,IND_LEV,85.5,hicp.xlsx
2005,Estonia,hicp,,IND_LEV,69.29,hicp.xlsx
2005,Ireland,hicp,,IND_LEV,91.3,hicp.xlsx
2005,Greece,hicp,,IND_LEV,84.35,hicp.xlsx
2005,Spain,hicp,,IND_LEV,83.33,hicp.xlsx
2005,France,hicp,,IND_LEV,86.47,hicp.xlsx
2005,Croatia,hicp,,IND_LEV,79.83,hicp.xlsx
2005,Italy,hicp,,IND_LEV,83.7,hicp.xlsx
2005,Cyprus,hicp,,IND_LEV,84.88,hicp.xlsx
2005,Latvia,hicp,,IND_LEV,67.4,hicp.xlsx
2005,Lithuania,hicp,,IND_LEV,71.89,hicp.xlsx
2005,Luxembourg,hicp,,IND_LEV,80.85,hicp.xlsx
2005,Hungary,hicp,,IND_LEV,68.98,hicp.xlsx
2005,Malta,hicp,,IND_LEV,81.69,hicp.xlsx
2005,Netherlands,hicp,,IND_LEV,85.57,hicp.xlsx
2005,Austria,hicp,,IND_LEV,82.3,hicp.xlsx
2005,Poland,hicp,,IND_LEV,80.2,hicp.xlsx
2005,Portugal,hicp,,IND_LEV,85.64,hicp.xlsx
2005,Romania,hicp,,IND_LEV,64.9,hicp.xlsx
2005,Slovenia,hicp,,IND_LEV,81.19,hicp.xlsx
2005,Slovakia,hicp,,IND_LEV,81.71,hicp.xlsx
2005,Finland,hicp,,IND_LEV,82.21,hicp.xlsx
2005,Sweden,hicp,,IND_LEV,87.03,hicp.xlsx
2006,Belgium,hicp,,IND_LEV,84.6,hicp.xlsx
2006,Bulgaria,hicp,,IND_LEV,76.02,hicp.xlsx
2006,Czechia,hicp,,IND_LEV,83.2,hicp.xlsx
2006,Denmark,hicp,,IND_LEV,86.5,hicp.xlsx
2006,Germany,hicp,,IND_LEV,87,hicp.xlsx
2006,Estonia,hicp,,IND_LEV,72.37,hicp.xlsx
2006,Ireland,hicp,,IND_LEV,93.7,hicp.xlsx
2006,Greece,hicp,,IND_LEV,87.14,hicp.xlsx
2006,Spain,hicp,,IND_LEV,86.29,hicp.xlsx
2006,France,hicp,,IND_LEV,88.1,hicp.xlsx
2006,Croatia,hicp,,IND_LEV,82.46,hicp.xlsx
2006,Italy,hicp,,IND_LEV,85.6,hicp.xlsx
2006,Cyprus,hicp,,IND_LEV,86.79,hicp.xlsx
2006,Latvia,hicp,,IND_LEV,71.83,hicp.xlsx
2006,Lithuania,hicp,,IND_LEV,74.59,hicp.xlsx
2006,Luxembourg,hicp,,IND_LEV,83.24,hicp.xlsx
2006,Hungary,hicp,,IND_LEV,71.76,hicp.xlsx
2006,Malta,hicp,,IND_LEV,83.79,hicp.xlsx
2006,Netherlands,hicp,,IND_LEV,86.99,hicp.xlsx
2006,Austria,hicp,,IND_LEV,83.69,hicp.xlsx
2006,Poland,hicp,,IND_LEV,81.2,hicp.xlsx
2006,Portugal,hicp,,IND_LEV,88.25,hicp.xlsx
2006,Romania,hicp,,IND_LEV,69.19,hicp.xlsx
2006,Slovenia,hicp,,IND_LEV,83.25,hicp.xlsx
2006,Slovakia,hicp,,IND_LEV,85.19,hicp.xlsx
2006,Finland,hicp,,IND_LEV,83.26,hicp.xlsx
2006,Sweden,hicp,,IND_LEV,88.34,hicp.xlsx
2007,Belgium,hicp,,IND_LEV,86.13,hicp.xlsx
2007,Bulgaria,hicp,,IND_LEV,81.78,hicp.xlsx
2007,Czechia,hicp,,IND_LEV,85.6,hicp.xlsx
2007,Denmark,hicp,,IND_LEV,88,hicp.xlsx
2007,Germany,hicp,,IND_LEV,89,hicp.xlsx
2007,Estonia,hicp,,IND_LEV,77.25,hicp.xlsx
2007,Ireland,hicp,,IND_LEV,96.4,hicp.xlsx
2007,Greece,hicp,,IND_LEV,89.75,hicp.xlsx
2007,Spain,hicp,,IND_LEV,88.75,hicp.xlsx
2007,France,hicp,,IND_LEV,89.52,hicp.xlsx
2007,Croatia,hicp,,IND_LEV,84.65,hicp.xlsx
2007,Italy,hicp,,IND_LEV,87.3,hicp.xlsx
2007,Cyprus,hicp,,IND_LEV,88.67,hicp.xlsx
2007,Latvia,hicp,,IND_LEV,79.08,hicp.xlsx
2007,Lithuania,hicp,,IND_LEV,78.93,hicp.xlsx
2007,Luxembourg,hicp,,IND_LEV,85.45,hicp.xlsx
2007,Hungary,hicp,,IND_LEV,77.45,hicp.xlsx
2007,Malta,hicp,,IND_LEV,84.38,hicp.xlsx
2007,Netherlands,hicp,,IND_LEV,88.36,hicp.xlsx
2007,Austria,hicp,,IND_LEV,85.53,hicp.xlsx
2007,Poland,hicp,,IND_LEV,83.3,hicp.xlsx
2007,Portugal,hicp,,IND_LEV,90.39,hicp.xlsx
2007,Romania,hicp,,IND_LEV,72.58,hicp.xlsx
2007,Slovenia,hicp,,IND_LEV,86.42,hicp.xlsx
2007,Slovakia,hicp,,IND_LEV,86.8,hicp.xlsx
2007,Finland,hicp,,IND_LEV,84.57,hicp.xlsx
2007,Sweden,hicp,,IND_LEV,89.82,hicp.xlsx
2008,Belgium,hicp,,IND_LEV,90,hicp.xlsx
2008,Bulgaria,hicp,,IND_LEV,91.55,hicp.xlsx
2008,Czechia,hicp,,IND_LEV,91,hicp.xlsx
2008,Denmark,hicp,,IND_LEV,91.2,hicp.xlsx
2008,Germany,hicp,,IND_LEV,91.4,hicp.xlsx
2008,Estonia,hicp,,IND_LEV,85.45,hicp.xlsx
2008,Ireland,hicp,,IND_LEV,99.5,hicp.xlsx
2008,Greece,hicp,,IND_LEV,93.55,hicp.xlsx
2008,Spain,hicp,,IND_LEV,92.41,hicp.xlsx
2008,France,hicp,,IND_LEV,92.34,hicp.xlsx
2008,Croatia,hicp,,IND_LEV,89.56,hicp.xlsx
2008,Italy,hicp,,IND_LEV,90.4,hicp.xlsx
2008,Cyprus,hicp,,IND_LEV,92.55,hicp.xlsx
2008,Latvia,hicp,,IND_LEV,91.14,hicp.xlsx
2008,Lithuania,hicp,,IND_LEV,87.69,hicp.xlsx
2008,Luxembourg,hicp,,IND_LEV,88.94,hicp.xlsx
2008,Hungary,hicp,,IND_LEV,82.12,hicp.xlsx
2008,Malta,hicp,,IND_LEV,88.33,hicp.xlsx
2008,Netherlands,hicp,,IND_LEV,90.32,hicp.xlsx
2008,Austria,hicp,,IND_LEV,88.29,hicp.xlsx
2008,Poland,hicp,,IND_LEV,86.8,hicp.xlsx
2008,Portugal,hicp,,IND_LEV,92.78,hicp.xlsx
2008,Romania,hicp,,IND_LEV,78.33,hicp.xlsx
2008,Slovenia,hicp,,IND_LEV,91.19,hicp.xlsx
2008,Slovakia,hicp,,IND_LEV,90.22,hicp.xlsx
2008,Finland,hicp,,IND_LEV,87.89,hicp.xlsx
2008,Sweden,hicp,,IND_LEV,92.83,hicp.xlsx
2009,Belgium,hicp,,IND_LEV,89.99,hicp.xlsx
2009,Bulgaria,hicp,,IND_LEV,93.81,hicp.xlsx
2009,Czechia,hicp,,IND_LEV,91.5,hicp.xlsx
2009,Denmark,hicp,,IND_LEV,92.1,hicp.xlsx
2009,Germany,hicp,,IND_LEV,91.6,hicp.xlsx
2009,Estonia,hicp,,IND_LEV,85.62,hicp.xlsx
2009,Ireland,hicp,,IND_LEV,97.8,hicp.xlsx
2009,Greece,hicp,,IND_LEV,94.81,hicp.xlsx
2009,Spain,hicp,,IND_LEV,92.19,hicp.xlsx
2009,France,hicp,,IND_LEV,92.44,hicp.xlsx
2009,Croatia,hicp,,IND_LEV,91.56,hicp.xlsx
2009,Italy,hicp,,IND_LEV,91.1,hicp.xlsx
2009,Cyprus,hicp,,IND_LEV,92.71,hicp.xlsx
2009,Latvia,hicp,,IND_LEV,94.11,hicp.xlsx
2009,Lithuania,hicp,,IND_LEV,91.34,hicp.xlsx
2009,Luxembourg,hicp,,IND_LEV,88.95,hicp.xlsx
2009,Hungary,hicp,,IND_LEV,85.43,hicp.xlsx
2009,Malta,hicp,,IND_LEV,89.95,hicp.xlsx
2009,Netherlands,hicp,,IND_LEV,91.2,hicp.xlsx
2009,Austria,hicp,,IND_LEV,88.64,hicp.xlsx
2009,Poland,hicp,,IND_LEV,90.3,hicp.xlsx
2009,Portugal,hicp,,IND_LEV,91.95,hicp.xlsx
2009,Romania,hicp,,IND_LEV,82.7,hicp.xlsx
2009,Slovenia,hicp,,IND_LEV,91.97,hicp.xlsx
2009,Slovakia,hicp,,IND_LEV,91.05,hicp.xlsx
2009,Finland,hicp,,IND_LEV,89.32,hicp.xlsx
2009,Sweden,hicp,,IND_LEV,94.63,hicp.xlsx
2010,Belgium,hicp,,IND_LEV,92.09,hicp.xlsx
2010,Bulgaria,hicp,,IND_LEV,96.66,hicp.xlsx
2010,Czechia,hicp,,IND_LEV,92.6,hicp.xlsx
2010,Denmark,hicp,,IND_LEV,94.1,hicp.xlsx
2010,Germany,hicp,,IND_LEV,92.7,hicp.xlsx
2010,Estonia,hicp,,IND_LEV,87.96,hicp.xlsx
2010,Ireland,hicp,,IND_LEV,96.2,hicp.xlsx
2010,Greece,hicp,,IND_LEV,99.27,hicp.xlsx
2010,Spain,hicp,,IND_LEV,94.08,hicp.xlsx
2010,France,hicp,,IND_LEV,94.05,hicp.xlsx
2010,Croatia,hicp,,IND_LEV,92.55,hicp.xlsx
2010,Italy,hicp,,IND_LEV,92.6,hicp.xlsx
2010,Cyprus,hicp,,IND_LEV,95.09,hicp.xlsx
2010,Latvia,hicp,,IND_LEV,92.96,hicp.xlsx
2010,Lithuania,hicp,,IND_LEV,92.43,hicp.xlsx
2010,Luxembourg,hicp,,IND_LEV,91.44,hicp.xlsx
2010,Hungary,hicp,,IND_LEV,89.47,hicp.xlsx
2010,Malta,hicp,,IND_LEV,91.79,hicp.xlsx
2010,Netherlands,hicp,,IND_LEV,92.05,hicp.xlsx
2010,Austria,hicp,,IND_LEV,90.14,hicp.xlsx
2010,Poland,hicp,,IND_LEV,92.7,hicp.xlsx
2010,Portugal,hicp,,IND_LEV,93.22,hicp.xlsx
2010,Romania,hicp,,IND_LEV,87.73,hicp.xlsx
2010,Slovenia,hicp,,IND_LEV,93.86,hicp.xlsx
2010,Slovakia,hicp,,IND_LEV,91.69,hicp.xlsx
2010,Finland,hicp,,IND_LEV,90.83,hicp.xlsx
2010,Sweden,hicp,,IND_LEV,96.43,hicp.xlsx
2011,Belgium,hicp,,IND_LEV,95.18,hicp.xlsx
2011,Bulgaria,hicp,,IND_LEV,99.94,hicp.xlsx
2011,Czechia,hicp,,IND_LEV,94.6,hicp.xlsx
2011,Denmark,hicp,,IND_LEV,96.6,hicp.xlsx
2011,Germany,hicp,,IND_LEV,95,hicp.xlsx
2011,Estonia,hicp,,IND_LEV,92.43,hicp.xlsx
2011,Ireland,hicp,,IND_LEV,97.4,hicp.xlsx
2011,Greece,hicp,,IND_LEV,102.36,hicp.xlsx
2011,Spain,hicp,,IND_LEV,96.94,hicp.xlsx
2011,France,hicp,,IND_LEV,96.2,hicp.xlsx
2011,Croatia,hicp,,IND_LEV,94.59,hicp.xlsx
2011,Italy,hicp,,IND_LEV,95.3,hicp.xlsx
2011,Cyprus,hicp,,IND_LEV,98.4,hicp.xlsx
2011,Latvia,hicp,,IND_LEV,96.88,hicp.xlsx
2011,Lithuania,hicp,,IND_LEV,96.24,hicp.xlsx
2011,Luxembourg,hicp,,IND_LEV,94.85,hicp.xlsx
2011,Hungary,hicp,,IND_LEV,92.98,hicp.xlsx
2011,Malta,hicp,,IND_LEV,94.1,hicp.xlsx
2011,Netherlands,hicp,,IND_LEV,94.32,hicp.xlsx
2011,Austria,hicp,,IND_LEV,93.35,hicp.xlsx
2011,Poland,hicp,,IND_LEV,96.3,hicp.xlsx
2011,Portugal,hicp,,IND_LEV,96.54,hicp.xlsx
2011,Romania,hicp,,IND_LEV,92.84,hicp.xlsx
2011,Slovenia,hicp,,IND_LEV,95.81,hicp.xlsx
2011,Slovakia,hicp,,IND_LEV,95.43,hicp.xlsx
2011,Finland,hicp,,IND_LEV,93.85,hicp.xlsx
2011,Sweden,hicp,,IND_LEV,97.75,hicp.xlsx
2012,Belgium,hicp,,IND_LEV,97.68,hicp.xlsx
2012,Bulgaria,hicp,,IND_LEV,102.33,hicp.xlsx
2012,Czechia,hicp,,IND_LEV,98,hicp.xlsx
2012,Denmark,hicp,,IND_LEV,98.9,hicp.xlsx
2012,Germany,hicp,,IND_LEV,97,hicp.xlsx
2012,Estonia,hicp,,IND_LEV,96.33,hicp.xlsx
2012,Ireland,hicp,,IND_LEV,99.2,hicp.xlsx
2012,Greece,hicp,,IND_LEV,103.42,hicp.xlsx
2012,Spain,hicp,,IND_LEV,99.31,hicp.xlsx
2012,France,hicp,,IND_LEV,98.33,hicp.xlsx
2012,Croatia,hicp,,IND_LEV,97.76,hicp.xlsx
2012,Italy,hicp,,IND_LEV,98.4,hicp.xlsx
2012,Cyprus,hicp,,IND_LEV,101.45,hicp.xlsx
2012,Latvia,hicp,,IND_LEV,99.09,hicp.xlsx
2012,Lithuania,hicp,,IND_LEV,99.28,hicp.xlsx
2012,Luxembourg,hicp,,IND_LEV,97.59,hicp.xlsx
2012,Hungary,hicp,,IND_LEV,98.24,hicp.xlsx
2012,Malta,hicp,,IND_LEV,97.13,hicp.xlsx
2012,Netherlands,hicp,,IND_LEV,96.99,hicp.xlsx
2012,Austria,hicp,,IND_LEV,95.75,hicp.xlsx
2012,Poland,hicp,,IND_LEV,99.8,hicp.xlsx
2012,Portugal,hicp,,IND_LEV,99.22,hicp.xlsx
2012,Romania,hicp,,IND_LEV,95.98,hicp.xlsx
2012,Slovenia,hicp,,IND_LEV,98.5,hicp.xlsx
2012,Slovakia,hicp,,IND_LEV,99,hicp.xlsx
2012,Finland,hicp,,IND_LEV,96.81,hicp.xlsx
2012,Sweden,hicp,,IND_LEV,98.66,hicp.xlsx
2013,Belgium,hicp,,IND_LEV,98.9,hicp.xlsx
2013,Bulgaria,hicp,,IND_LEV,102.72,hicp.xlsx
2013,Czechia,hicp,,IND_LEV,99.3,hicp.xlsx
2013,Denmark,hicp,,IND_LEV,99.4,hicp.xlsx
2013,Germany,hicp,,IND_LEV,98.6,hicp.xlsx
2013,Estonia,hicp,,IND_LEV,99.46,hicp.xlsx
2013,Ireland,hicp,,IND_LEV,99.7,hicp.xlsx
2013,Greece,hicp,,IND_LEV,102.54,hicp.xlsx
2013,Spain,hicp,,IND_LEV,100.83,hicp.xlsx
2013,France,hicp,,IND_LEV,99.31,hicp.xlsx
2013,Croatia,hicp,,IND_LEV,100.04,hicp.xlsx
2013,Italy,hicp,,IND_LEV,99.7,hicp.xlsx
2013,Cyprus,hicp,,IND_LEV,101.84,hicp.xlsx
2013,Latvia,hicp,,IND_LEV,99.11,hicp.xlsx
2013,Lithuania,hicp,,IND_LEV,100.44,hicp.xlsx
2013,Luxembourg,hicp,,IND_LEV,99.25,hicp.xlsx
2013,Hungary,hicp,,IND_LEV,99.92,hicp.xlsx
2013,Malta,hicp,,IND_LEV,98.08,hicp.xlsx
2013,Netherlands,hicp,,IND_LEV,99.47,hicp.xlsx
2013,Austria,hicp,,IND_LEV,97.77,hicp.xlsx
2013,Poland,hicp,,IND_LEV,100.6,hicp.xlsx
2013,Portugal,hicp,,IND_LEV,99.65,hicp.xlsx
2013,Romania,hicp,,IND_LEV,99.04,hicp.xlsx
2013,Slovenia,hicp,,IND_LEV,100.4,hicp.xlsx
2013,Slovakia,hicp,,IND_LEV,100.45,hicp.xlsx
2013,Finland,hicp,,IND_LEV,98.96,hicp.xlsx
2013,Sweden,hicp,,IND_LEV,99.1,hicp.xlsx
2014,Belgium,hicp,,IND_LEV,99.38,hicp.xlsx
2014,Bulgaria,hicp,,IND_LEV,101.08,hicp.xlsx
2014,Czechia,hicp,,IND_LEV,99.8,hicp.xlsx
2014,Denmark,hicp,,IND_LEV,99.8,hicp.xlsx
2014,Germany,hicp,,IND_LEV,99.3,hicp.xlsx
2014,Estonia,hicp,,IND_LEV,99.93,hicp.xlsx
2014,Ireland,hicp,,IND_LEV,100,hicp.xlsx
2014,Greece,hicp,,IND_LEV,101.11,hicp.xlsx
2014,Spain,hicp,,IND_LEV,100.63,hicp.xlsx
2014,France,hicp,,IND_LEV,99.91,hicp.xlsx
2014,Croatia,hicp,,IND_LEV,100.26,hicp.xlsx
2014,Italy,hicp,,IND_LEV,99.9,hicp.xlsx
2014,Cyprus,hicp,,IND_LEV,101.57,hicp.xlsx
2014,Latvia,hicp,,IND_LEV,99.79,hicp.xlsx
2014,Lithuania,hicp,,IND_LEV,100.68,hicp.xlsx
2014,Luxembourg,hicp,,IND_LEV,99.94,hicp.xlsx
2014,Hungary,hicp,,IND_LEV,99.94,hicp.xlsx
2014,Malta,hicp,,IND_LEV,98.84,hicp.xlsx
2014,Netherlands,hicp,,IND_LEV,99.79,hicp.xlsx
2014,Austria,hicp,,IND_LEV,99.2,hicp.xlsx
2014,Poland,hicp,,IND_LEV,100.7,hicp.xlsx
2014,Portugal,hicp,,IND_LEV,99.5,hicp.xlsx
2014,Romania,hicp,,IND_LEV,100.41,hicp.xlsx
2014,Slovenia,hicp,,IND_LEV,100.77,hicp.xlsx
2014,Slovakia,hicp,,IND_LEV,100.35,hicp.xlsx
2014,Finland,hicp,,IND_LEV,100.16,hicp.xlsx
2014,Sweden,hicp,,IND_LEV,99.3,hicp.xlsx
2015,Belgium,hicp,,IND_LEV,100,hicp.xlsx
2015,Bulgaria,hicp,,IND_LEV,100,hicp.xlsx
2015,Czechia,hicp,,IND_LEV,100,hicp.xlsx
2015,Denmark,hicp,,IND_LEV,100,hicp.xlsx
2015,Germany,hicp,,IND_LEV,100,hicp.xlsx
2015,Estonia,hicp,,IND_LEV,100,hicp.xlsx
2015,Ireland,hicp,,IND_LEV,100,hicp.xlsx
2015,Greece,hicp,,IND_LEV,100,hicp.xlsx
2015,Spain,hicp,,IND_LEV,100,hicp.xlsx
2015,France,hicp,,IND_LEV,100,hicp.xlsx
2015,Croatia,hicp,,IND_LEV,100,hicp.xlsx
2015,Italy,hicp,,IND_LEV,100,hicp.xlsx
2015,Cyprus,hicp,,IND_LEV,100,hicp.xlsx
2015,Latvia,hicp,,IND_LEV,100,hicp.xlsx
2015,Lithuania,hicp,,IND_LEV,100,hicp.xlsx
2015,Luxembourg,hicp,,IND_LEV,100,hicp.xlsx
2015,Hungary,hicp,,IND_LEV,100,hicp.xlsx
2015,Malta,hicp,,IND_LEV,100,hicp.xlsx
2015,Netherlands,hicp,,IND_LEV,100,hicp.xlsx
2015,Austria,hicp,,IND_LEV,100,hicp.xlsx
2015,Poland,hicp,,IND_LEV,100,hicp.xlsx
2015,Portugal,hicp,,IND_LEV,100,hicp.xlsx
2015,Romania,hicp,,IND_LEV,100,hicp.xlsx
2015,Slovenia,hicp,,IND_LEV,100,hicp.xlsx
2015,Slovakia,hicp,,IND_LEV,100,hicp.xlsx
2015,Finland,hicp,,IND_LEV,100,hicp.xlsx
2015,Sweden,hicp,,IND_LEV,100,hicp.xlsx
2016,Belgium,hicp,,IND_LEV,101.77,hicp.xlsx
2016,Bulgaria,hicp,,IND_LEV,98.68,hicp.xlsx
2016,Czechia,hicp,,IND_LEV,100.7,hicp.xlsx
2016,Denmark,hicp,,IND_LEV,100,hicp.xlsx
2016,Germany,hicp,,IND_LEV,100.4,hicp.xlsx
2016,Estonia,hicp,,IND_LEV,100.8,hicp.xlsx
2016,Ireland,hicp,,IND_LEV,99.8,hicp.xlsx
2016,Greece,hicp,,IND_LEV,100.02,hicp.xlsx
2016,Spain,hicp,,IND_LEV,99.66,hicp.xlsx
2016,France,hicp,,IND_LEV,100.31,hicp.xlsx
2016,Croatia,hicp,,IND_LEV,99.37,hicp.xlsx
2016,Italy,hicp,,IND_LEV,99.9,hicp.xlsx
2016,Cyprus,hicp,,IND_LEV,98.78,hicp.xlsx
2016,Latvia,hicp,,IND_LEV,100.1,hicp.xlsx
2016,Lithuania,hicp,,IND_LEV,100.68,hicp.xlsx
2016,Luxembourg,hicp,,IND_LEV,100.04,hicp.xlsx
2016,Hungary,hicp,,IND_LEV,100.45,hicp.xlsx
2016,Malta,hicp,,IND_LEV,100.9,hicp.xlsx
2016,Netherlands,hicp,,IND_LEV,100.11,hicp.xlsx
2016,Austria,hicp,,IND_LEV,100.97,hicp.xlsx
2016,Poland,hicp,,IND_LEV,99.8,hicp.xlsx
2016,Portugal,hicp,,IND_LEV,100.64,hicp.xlsx
2016,Romania,hicp,,IND_LEV,98.93,hicp.xlsx
2016,Slovenia,hicp,,IND_LEV,99.85,hicp.xlsx
2016,Slovakia,hicp,,IND_LEV,99.52,hicp.xlsx
2016,Finland,hicp,,IND_LEV,100.39,hicp.xlsx
2016,Sweden,hicp,,IND_LEV,101.14,hicp.xlsx
2017,Belgium,hicp,,IND_LEV,104.03,hicp.xlsx
2017,Bulgaria,hicp,,IND_LEV,99.85,hicp.xlsx
2017,Czechia,hicp,,IND_LEV,103.1,hicp.xlsx
2017,Denmark,hicp,,IND_LEV,101.1,hicp.xlsx
2017,Germany,hicp,,IND_LEV,102.1,hicp.xlsx
2017,Estonia,hicp,,IND_LEV,104.48,hicp.xlsx
2017,Ireland,hicp,,IND_LEV,100.1,hicp.xlsx
2017,Greece,hicp,,IND_LEV,101.15,hicp.xlsx
2017,Spain,hicp,,IND_LEV,101.69,hicp.xlsx
2017,France,hicp,,IND_LEV,101.47,hicp.xlsx
2017,Croatia,hicp,,IND_LEV,100.67,hicp.xlsx
2017,Italy,hicp,,IND_LEV,101.3,hicp.xlsx
2017,Cyprus,hicp,,IND_LEV,99.45,hicp.xlsx
2017,Latvia,hicp,,IND_LEV,103,hicp.xlsx
2017,Lithuania,hicp,,IND_LEV,104.42,hicp.xlsx
2017,Luxembourg,hicp,,IND_LEV,102.15,hicp.xlsx
2017,Hungary,hicp,,IND_LEV,102.84,hicp.xlsx
2017,Malta,hicp,,IND_LEV,102.18,hicp.xlsx
2017,Netherlands,hicp,,IND_LEV,101.4,hicp.xlsx
2017,Austria,hicp,,IND_LEV,103.22,hicp.xlsx
2017,Poland,hicp,,IND_LEV,101.4,hicp.xlsx
2017,Portugal,hicp,,IND_LEV,102.2,hicp.xlsx
2017,Romania,hicp,,IND_LEV,100,hicp.xlsx
2017,Slovenia,hicp,,IND_LEV,101.4,hicp.xlsx
2017,Slovakia,hicp,,IND_LEV,100.9,hicp.xlsx
2017,Finland,hicp,,IND_LEV,101.23,hicp.xlsx
2017,Sweden,hicp,,IND_LEV,103.02,hicp.xlsx
2018,Belgium,hicp,,IND_LEV,106.44,hicp.xlsx
2018,Bulgaria,hicp,,IND_LEV,102.48,hicp.xlsx
2018,Czechia,hicp,,IND_LEV,105.1,hicp.xlsx
2018,Denmark,hicp,,IND_LEV,101.8,hicp.xlsx
2018,Germany,hicp,,IND_LEV,104,hicp.xlsx
2018,Estonia,hicp,,IND_LEV,108.05,hicp.xlsx
2018,Ireland,hicp,,IND_LEV,100.8,hicp.xlsx
2018,Greece,hicp,,IND_LEV,101.94,hicp.xlsx
2018,Spain,hicp,,IND_LEV,103.46,hicp.xlsx
2018,France,hicp,,IND_LEV,103.6,hicp.xlsx
2018,Croatia,hicp,,IND_LEV,102.23,hicp.xlsx
2018,Italy,hicp,,IND_LEV,102.5,hicp.xlsx
2018,Cyprus,hicp,,IND_LEV,100.23,hicp.xlsx
2018,Latvia,hicp,,IND_LEV,105.63,hicp.xlsx
2018,Lithuania,hicp,,IND_LEV,107.07,hicp.xlsx
2018,Luxembourg,hicp,,IND_LEV,104.21,hicp.xlsx
2018,Hungary,hicp,,IND_LEV,105.84,hicp.xlsx
2018,Malta,hicp,,IND_LEV,103.95,hicp.xlsx
2018,Netherlands,hicp,,IND_LEV,103.02,hicp.xlsx
2018,Austria,hicp,,IND_LEV,105.41,hicp.xlsx
2018,Poland,hicp,,IND_LEV,102.6,hicp.xlsx
2018,Portugal,hicp,,IND_LEV,103.4,hicp.xlsx
2018,Romania,hicp,,IND_LEV,104.08,hicp.xlsx
2018,Slovenia,hicp,,IND_LEV,103.36,hicp.xlsx
2018,Slovakia,hicp,,IND_LEV,103.46,hicp.xlsx
2018,Finland,hicp,,IND_LEV,102.42,hicp.xlsx
2018,Sweden,hicp,,IND_LEV,105.12,hicp.xlsx
2019,Belgium,hicp,,IND_LEV,107.77,hicp.xlsx
2019,Bulgaria,hicp,,IND_LEV,104.99,hicp.xlsx
2019,Czechia,hicp,,IND_LEV,107.8,hicp.xlsx
2019,Denmark,hicp,,IND_LEV,102.5,hicp.xlsx
2019,Germany,hicp,,IND_LEV,105.5,hicp.xlsx
2019,Estonia,hicp,,IND_LEV,110.5,hicp.xlsx
2019,Ireland,hicp,,IND_LEV,101.7,hicp.xlsx
2019,Greece,hicp,,IND_LEV,102.46,hicp.xlsx
2019,Spain,hicp,,IND_LEV,104.26,hicp.xlsx
2019,France,hicp,,IND_LEV,104.95,hicp.xlsx
2019,Croatia,hicp,,IND_LEV,103.04,hicp.xlsx
2019,Italy,hicp,,IND_LEV,103.2,hicp.xlsx
2019,Cyprus,hicp,,IND_LEV,100.78,hicp.xlsx
2019,Latvia,hicp,,IND_LEV,108.53,hicp.xlsx
2019,Lithuania,hicp,,IND_LEV,109.47,hicp.xlsx
2019,Luxembourg,hicp,,IND_LEV,105.93,hicp.xlsx
2019,Hungary,hicp,,IND_LEV,109.46,hicp.xlsx
2019,Malta,hicp,,IND_LEV,105.54,hicp.xlsx
2019,Netherlands,hicp,,IND_LEV,105.78,hicp.xlsx
2019,Austria,hicp,,IND_LEV,106.98,hicp.xlsx
2019,Poland,hicp,,IND_LEV,104.8,hicp.xlsx
2019,Portugal,hicp,,IND_LEV,103.71,hicp.xlsx
2019,Romania,hicp,,IND_LEV,108.15,hicp.xlsx
2019,Slovenia,hicp,,IND_LEV,105.11,hicp.xlsx
2019,Slovakia,hicp,,IND_LEV,106.33,hicp.xlsx
2019,Finland,hicp,,IND_LEV,103.58,hicp.xlsx
2019,Sweden,hicp,,IND_LEV,106.93,hicp.xlsx
2020,Belgium,hicp,,IND_LEV,108.23,hicp.xlsx
2020,Bulgaria,hicp,,IND_LEV,106.27,hicp.xlsx
2020,Czechia,hicp,,IND_LEV,111.4,hicp.xlsx
2020,Denmark,hicp,,IND_LEV,102.9,hicp.xlsx
2020,Germany,hicp,,IND_LEV,105.8,hicp.xlsx
2020,Estonia,hicp,,IND_LEV,109.8,hicp.xlsx
2020,Ireland,hicp,,IND_LEV,101.2,hicp.xlsx
2020,Greece,hicp,,IND_LEV,101.17,hicp.xlsx
2020,Spain,hicp,,IND_LEV,103.91,hicp.xlsx
2020,France,hicp,,IND_LEV,105.5,hicp.xlsx
2020,Croatia,hicp,,IND_LEV,103.06,hicp.xlsx
2020,Italy,hicp,,IND_LEV,103,hicp.xlsx
2020,Cyprus,hicp,,IND_LEV,99.67,hicp.xlsx
2020,Latvia,hicp,,IND_LEV,108.62,hicp.xlsx
2020,Lithuania,hicp,,IND_LEV,110.63,hicp.xlsx
2020,Luxembourg,hicp,,IND_LEV,105.93,hicp.xlsx
2020,Hungary,hicp,,IND_LEV,113.15,hicp.xlsx
2020,Malta,hicp,,IND_LEV,106.37,hicp.xlsx
2020,Netherlands,hicp,,IND_LEV,106.96,hicp.xlsx
2020,Austria,hicp,,IND_LEV,108.47,hicp.xlsx
2020,Poland,hicp,,IND_LEV,108.6,hicp.xlsx
2020,Portugal,hicp,,IND_LEV,103.58,hicp.xlsx
2020,Romania,hicp,,IND_LEV,110.67,hicp.xlsx
2020,Slovenia,hicp,,IND_LEV,104.82,hicp.xlsx
2020,Slovakia,hicp,,IND_LEV,108.47,hicp.xlsx
2020,Finland,hicp,,IND_LEV,103.98,hicp.xlsx
2020,Sweden,hicp,,IND_LEV,107.63,hicp.xlsx
2021,Belgium,hicp,,IND_LEV,111.71,hicp.xlsx
2021,Bulgaria,hicp,,IND_LEV,109.3,hicp.xlsx
2021,Czechia,hicp,,IND_LEV,115.1,hicp.xlsx
2021,Denmark,hicp,,IND_LEV,104.9,hicp.xlsx
2021,Germany,hicp,,IND_LEV,109.2,hicp.xlsx
2021,Estonia,hicp,,IND_LEV,114.72,hicp.xlsx
2021,Ireland,hicp,,IND_LEV,103.6,hicp.xlsx
2021,Greece,hicp,,IND_LEV,101.75,hicp.xlsx
2021,Spain,hicp,,IND_LEV,107.04,hicp.xlsx
2021,France,hicp,,IND_LEV,107.68,hicp.xlsx
2021,Croatia,hicp,,IND_LEV,105.82,hicp.xlsx
2021,Italy,hicp,,IND_LEV,105,hicp.xlsx
2021,Cyprus,hicp,,IND_LEV,101.92,hicp.xlsx
2021,Latvia,hicp,,IND_LEV,112.14,hicp.xlsx
2021,Lithuania,hicp,,IND_LEV,115.75,hicp.xlsx
2021,Luxembourg,hicp,,IND_LEV,109.61,hicp.xlsx
2021,Hungary,hicp,,IND_LEV,119.04,hicp.xlsx
2021,Malta,hicp,,IND_LEV,107.12,hicp.xlsx
2021,Netherlands,hicp,,IND_LEV,109.98,hicp.xlsx
2021,Austria,hicp,,IND_LEV,111.46,hicp.xlsx
2021,Poland,hicp,,IND_LEV,114.3,hicp.xlsx
2021,Portugal,hicp,,IND_LEV,104.55,hicp.xlsx
2021,Romania,hicp,,IND_LEV,115.21,hicp.xlsx
2021,Slovenia,hicp,,IND_LEV,106.97,hicp.xlsx
2021,Slovakia,hicp,,IND_LEV,111.53,hicp.xlsx
2021,Finland,hicp,,IND_LEV,106.12,hicp.xlsx
2021,Sweden,hicp,,IND_LEV,110.49,hicp.xlsx
2002,Belgium,gdp_country,,MIO_EUR,273255.9,gdp_country.xlsx
2002,Bulgaria,gdp_country,,MIO_EUR,17478.3,gdp_country.xlsx
2002,Czechia,gdp_country,,MIO_EUR,87358.2,gdp_country.xlsx
2002,Denmark,gdp_country,,MIO_EUR,189794.9,gdp_country.xlsx
2002,Germany,gdp_country,,MIO_EUR,2198120,gdp_country.xlsx
2002,Estonia,gdp_country,,MIO_EUR,7822.58,gdp_country.xlsx
2002,Ireland,gdp_country,,MIO_EUR,135997.56,gdp_country.xlsx
2002,Greece,gdp_country,,MIO_EUR,163460.76,gdp_country.xlsx
2002,Spain,gdp_country,,MIO_EUR,749552,gdp_country.xlsx
2002,France,gdp_country,,MIO_EUR,1587829.2,gdp_country.xlsx
2002,Croatia,gdp_country,,MIO_EUR,28761.17,gdp_country.xlsx
2002,Italy,gdp_country,,MIO_EUR,1350258.9,gdp_country.xlsx
2002,Cyprus,gdp_country,,MIO_EUR,12082.95,gdp_country.xlsx
2002,Latvia,gdp_country,,MIO_EUR,10168.72,gdp_country.xlsx
2002,Lithuania,gdp_country,,MIO_EUR,15153.29,gdp_country.xlsx
2002,Luxembourg,gdp_country,,MIO_EUR,25011.09,gdp_country.xlsx
2002,Hungary,gdp_country,,MIO_EUR,71756.09,gdp_country.xlsx
2002,Malta,gdp_country,,MIO_EUR,4740.88,gdp_country.xlsx
2002,Netherlands,gdp_country,,MIO_EUR,501137,gdp_country.xlsx
2002,Austria,gdp_country,,MIO_EUR,226735.22,gdp_country.xlsx
2002,Poland,gdp_country,,MIO_EUR,210559.96,gdp_country.xlsx
2002,Portugal,gdp_country,,MIO_EUR,142554.26,gdp_country.xlsx
2002,Romania,gdp_country,,MIO_EUR,48695.71,gdp_country.xlsx
2002,Slovenia,gdp_country,,MIO_EUR,24972.39,gdp_country.xlsx
2002,Slovakia,gdp_country,,MIO_EUR,26340.67,gdp_country.xlsx
2002,Finland,gdp_country,,MIO_EUR,148486,gdp_country.xlsx
2002,Sweden,gdp_country,,MIO_EUR,283627.08,gdp_country.xlsx
2003,Belgium,gdp_country,,MIO_EUR,281200.2,gdp_country.xlsx
2003,Bulgaria,gdp_country,,MIO_EUR,18798.31,gdp_country.xlsx
2003,Czechia,gdp_country,,MIO_EUR,88659.55,gdp_country.xlsx
2003,Denmark,gdp_country,,MIO_EUR,193353.42,gdp_country.xlsx
2003,Germany,gdp_country,,MIO_EUR,2211570,gdp_country.xlsx
2003,Estonia,gdp_country,,MIO_EUR,8744.43,gdp_country.xlsx
2003,Ireland,gdp_country,,MIO_EUR,145576.43,gdp_country.xlsx
2003,Greece,gdp_country,,MIO_EUR,178904.9,gdp_country.xlsx
2003,Spain,gdp_country,,MIO_EUR,802266,gdp_country.xlsx
2003,France,gdp_country,,MIO_EUR,1630665.8,gdp_country.xlsx
2003,Croatia,gdp_country,,MIO_EUR,31025.72,gdp_country.xlsx
2003,Italy,gdp_country,,MIO_EUR,1394693.2,gdp_country.xlsx
2003,Cyprus,gdp_country,,MIO_EUR,12871.33,gdp_country.xlsx
2003,Latvia,gdp_country,,MIO_EUR,10499.6,gdp_country.xlsx
2003,Lithuania,gdp_country,,MIO_EUR,16650.24,gdp_country.xlsx
2003,Luxembourg,gdp_country,,MIO_EUR,26227.29,gdp_country.xlsx
2003,Hungary,gdp_country,,MIO_EUR,75427.85,gdp_country.xlsx
2003,Malta,gdp_country,,MIO_EUR,4823.48,gdp_country.xlsx
2003,Netherlands,gdp_country,,MIO_EUR,512810,gdp_country.xlsx
2003,Austria,gdp_country,,MIO_EUR,231862.46,gdp_country.xlsx
2003,Poland,gdp_country,,MIO_EUR,192552.05,gdp_country.xlsx
2003,Portugal,gdp_country,,MIO_EUR,146067.86,gdp_country.xlsx
2003,Romania,gdp_country,,MIO_EUR,51108.52,gdp_country.xlsx
2003,Slovenia,gdp_country,,MIO_EUR,26247.53,gdp_country.xlsx
2003,Slovakia,gdp_country,,MIO_EUR,30119.1,gdp_country.xlsx
2003,Finland,gdp_country,,MIO_EUR,151749,gdp_country.xlsx
2003,Sweden,gdp_country,,MIO_EUR,296305.54,gdp_country.xlsx
2004,Belgium,gdp_country,,MIO_EUR,296819.7,gdp_country.xlsx
2004,Bulgaria,gdp_country,,MIO_EUR,21093.17,gdp_country.xlsx
2004,Czechia,gdp_country,,MIO_EUR,96554.11,gdp_country.xlsx
2004,Denmark,gdp_country,,MIO_EUR,202422.18,gdp_country.xlsx
2004,Germany,gdp_country,,MIO_EUR,2262520,gdp_country.xlsx
2004,Estonia,gdp_country,,MIO_EUR,9777.46,gdp_country.xlsx
2004,Ireland,gdp_country,,MIO_EUR,156260.29,gdp_country.xlsx
2004,Greece,gdp_country,,MIO_EUR,193715.82,gdp_country.xlsx
2004,Spain,gdp_country,,MIO_EUR,859437,gdp_country.xlsx
2004,France,gdp_country,,MIO_EUR,1704018.5,gdp_country.xlsx
2004,Croatia,gdp_country,,MIO_EUR,33818.02,gdp_country.xlsx
2004,Italy,gdp_country,,MIO_EUR,1452319,gdp_country.xlsx
2004,Cyprus,gdp_country,,MIO_EUR,13937.98,gdp_country.xlsx
2004,Latvia,gdp_country,,MIO_EUR,11724.02,gdp_country.xlsx
2004,Lithuania,gdp_country,,MIO_EUR,18219.35,gdp_country.xlsx
2004,Luxembourg,gdp_country,,MIO_EUR,28189.39,gdp_country.xlsx
2004,Hungary,gdp_country,,MIO_EUR,83883.25,gdp_country.xlsx
2004,Malta,gdp_country,,MIO_EUR,4910.42,gdp_country.xlsx
2004,Netherlands,gdp_country,,MIO_EUR,529286,gdp_country.xlsx
2004,Austria,gdp_country,,MIO_EUR,242348.26,gdp_country.xlsx
2004,Poland,gdp_country,,MIO_EUR,206125.96,gdp_country.xlsx
2004,Portugal,gdp_country,,MIO_EUR,152248.39,gdp_country.xlsx
2004,Romania,gdp_country,,MIO_EUR,60401.95,gdp_country.xlsx
2004,Slovenia,gdp_country,,MIO_EUR,27692.05,gdp_country.xlsx
2004,Slovakia,gdp_country,,MIO_EUR,34757.74,gdp_country.xlsx
2004,Finland,gdp_country,,MIO_EUR,158758,gdp_country.xlsx
2004,Sweden,gdp_country,,MIO_EUR,310182.04,gdp_country.xlsx
2005,Belgium,gdp_country,,MIO_EUR,310037.6,gdp_country.xlsx
2005,Bulgaria,gdp_country,,MIO_EUR,24039.9,gdp_country.xlsx
2005,Czechia,gdp_country,,MIO_EUR,110321.7,gdp_country.xlsx
2005,Denmark,gdp_country,,MIO_EUR,212832.36,gdp_country.xlsx
2005,Germany,gdp_country,,MIO_EUR,2288310,gdp_country.xlsx
2005,Estonia,gdp_country,,MIO_EUR,11343.27,gdp_country.xlsx
2005,Ireland,gdp_country,,MIO_EUR,170306.77,gdp_country.xlsx
2005,Greece,gdp_country,,MIO_EUR,199242.31,gdp_country.xlsx
2005,Spain,gdp_country,,MIO_EUR,927357,gdp_country.xlsx
2005,France,gdp_country,,MIO_EUR,1765904.9,gdp_country.xlsx
2005,Croatia,gdp_country,,MIO_EUR,36845.19,gdp_country.xlsx
2005,Italy,gdp_country,,MIO_EUR,1493635.3,gdp_country.xlsx
2005,Cyprus,gdp_country,,MIO_EUR,15039.28,gdp_country.xlsx
2005,Latvia,gdp_country,,MIO_EUR,13791.88,gdp_country.xlsx
2005,Lithuania,gdp_country,,MIO_EUR,20979.92,gdp_country.xlsx
2005,Luxembourg,gdp_country,,MIO_EUR,30280.99,gdp_country.xlsx
2005,Hungary,gdp_country,,MIO_EUR,91090.37,gdp_country.xlsx
2005,Malta,gdp_country,,MIO_EUR,5152.05,gdp_country.xlsx
2005,Netherlands,gdp_country,,MIO_EUR,550883,gdp_country.xlsx
2005,Austria,gdp_country,,MIO_EUR,254075.03,gdp_country.xlsx
2005,Poland,gdp_country,,MIO_EUR,246216.75,gdp_country.xlsx
2005,Portugal,gdp_country,,MIO_EUR,158552.7,gdp_country.xlsx
2005,Romania,gdp_country,,MIO_EUR,79223.92,gdp_country.xlsx
2005,Slovenia,gdp_country,,MIO_EUR,29122.3,gdp_country.xlsx
2005,Slovakia,gdp_country,,MIO_EUR,39403.38,gdp_country.xlsx
2005,Finland,gdp_country,,MIO_EUR,164687,gdp_country.xlsx
2005,Sweden,gdp_country,,MIO_EUR,315774.82,gdp_country.xlsx
2006,Belgium,gdp_country,,MIO_EUR,325151.5,gdp_country.xlsx
2006,Bulgaria,gdp_country,,MIO_EUR,27409.98,gdp_country.xlsx
2006,Czechia,gdp_country,,MIO_EUR,124581.22,gdp_country.xlsx
2006,Denmark,gdp_country,,MIO_EUR,225531.26,gdp_country.xlsx
2006,Germany,gdp_country,,MIO_EUR,2385080,gdp_country.xlsx
2006,Estonia,gdp_country,,MIO_EUR,13568.93,gdp_country.xlsx
2006,Ireland,gdp_country,,MIO_EUR,184916.24,gdp_country.xlsx
2006,Greece,gdp_country,,MIO_EUR,217861.57,gdp_country.xlsx
2006,Spain,gdp_country,,MIO_EUR,1003823,gdp_country.xlsx
2006,France,gdp_country,,MIO_EUR,1848150.7,gdp_country.xlsx
2006,Croatia,gdp_country,,MIO_EUR,40635.86,gdp_country.xlsx
2006,Italy,gdp_country,,MIO_EUR,1552686.8,gdp_country.xlsx
2006,Cyprus,gdp_country,,MIO_EUR,16263.84,gdp_country.xlsx
2006,Latvia,gdp_country,,MIO_EUR,17363.13,gdp_country.xlsx
2006,Lithuania,gdp_country,,MIO_EUR,24053.29,gdp_country.xlsx
2006,Luxembourg,gdp_country,,MIO_EUR,34175.05,gdp_country.xlsx
2006,Hungary,gdp_country,,MIO_EUR,92126.73,gdp_country.xlsx
2006,Malta,gdp_country,,MIO_EUR,5403,gdp_country.xlsx
2006,Netherlands,gdp_country,,MIO_EUR,584546,gdp_country.xlsx
2006,Austria,gdp_country,,MIO_EUR,267824.45,gdp_country.xlsx
2006,Poland,gdp_country,,MIO_EUR,274501.66,gdp_country.xlsx
2006,Portugal,gdp_country,,MIO_EUR,166260.47,gdp_country.xlsx
2006,Romania,gdp_country,,MIO_EUR,97215.55,gdp_country.xlsx
2006,Slovenia,gdp_country,,MIO_EUR,31476.11,gdp_country.xlsx
2006,Slovakia,gdp_country,,MIO_EUR,45601.98,gdp_country.xlsx
2006,Finland,gdp_country,,MIO_EUR,172897,gdp_country.xlsx
2006,Sweden,gdp_country,,MIO_EUR,337317.17,gdp_country.xlsx
2007,Belgium,gdp_country,,MIO_EUR,343618.9,gdp_country.xlsx
2007,Bulgaria,gdp_country,,MIO_EUR,32464.71,gdp_country.xlsx
2007,Czechia,gdp_country,,MIO_EUR,139002.12,gdp_country.xlsx
2007,Denmark,gdp_country,,MIO_EUR,233383.26,gdp_country.xlsx
2007,Germany,gdp_country,,MIO_EUR,2499550,gdp_country.xlsx
2007,Estonia,gdp_country,,MIO_EUR,16401.33,gdp_country.xlsx
2007,Ireland,gdp_country,,MIO_EUR,197069.4,gdp_country.xlsx
2007,Greece,gdp_country,,MIO_EUR,232694.59,gdp_country.xlsx
2007,Spain,gdp_country,,MIO_EUR,1075539,gdp_country.xlsx
2007,France,gdp_country,,MIO_EUR,1941360.2,gdp_country.xlsx
2007,Croatia,gdp_country,,MIO_EUR,44445.05,gdp_country.xlsx
2007,Italy,gdp_country,,MIO_EUR,1614839.8,gdp_country.xlsx
2007,Cyprus,gdp_country,,MIO_EUR,17591.05,gdp_country.xlsx
2007,Latvia,gdp_country,,MIO_EUR,22791.53,gdp_country.xlsx
2007,Lithuania,gdp_country,,MIO_EUR,29011.22,gdp_country.xlsx
2007,Luxembourg,gdp_country,,MIO_EUR,37641.9,gdp_country.xlsx
2007,Hungary,gdp_country,,MIO_EUR,102414.55,gdp_country.xlsx
2007,Malta,gdp_country,,MIO_EUR,5790.28,gdp_country.xlsx
2007,Netherlands,gdp_country,,MIO_EUR,619170,gdp_country.xlsx
2007,Austria,gdp_country,,MIO_EUR,283977.97,gdp_country.xlsx
2007,Poland,gdp_country,,MIO_EUR,313848.35,gdp_country.xlsx
2007,Portugal,gdp_country,,MIO_EUR,175483.4,gdp_country.xlsx
2007,Romania,gdp_country,,MIO_EUR,127632.03,gdp_country.xlsx
2007,Slovenia,gdp_country,,MIO_EUR,35073.46,gdp_country.xlsx
2007,Slovakia,gdp_country,,MIO_EUR,56339.28,gdp_country.xlsx
2007,Finland,gdp_country,,MIO_EUR,187072,gdp_country.xlsx
2007,Sweden,gdp_country,,MIO_EUR,358945.09,gdp_country.xlsx
2008,Belgium,gdp_country,,MIO_EUR,351743.1,gdp_country.xlsx
2008,Bulgaria,gdp_country,,MIO_EUR,37246.68,gdp_country.xlsx
2008,Czechia,gdp_country,,MIO_EUR,162064.46,gdp_country.xlsx
2008,Denmark,gdp_country,,MIO_EUR,241613.45,gdp_country.xlsx
2008,Germany,gdp_country,,MIO_EUR,2546490,gdp_country.xlsx
2008,Estonia,gdp_country,,MIO_EUR,16618.06,gdp_country.xlsx
2008,Ireland,gdp_country,,MIO_EUR,187282.98,gdp_country.xlsx
2008,Greece,gdp_country,,MIO_EUR,241990.39,gdp_country.xlsx
2008,Spain,gdp_country,,MIO_EUR,1109541,gdp_country.xlsx
2008,France,gdp_country,,MIO_EUR,1992380,gdp_country.xlsx
2008,Croatia,gdp_country,,MIO_EUR,48590.81,gdp_country.xlsx
2008,Italy,gdp_country,,MIO_EUR,1637699.4,gdp_country.xlsx
2008,Cyprus,gdp_country,,MIO_EUR,19009.58,gdp_country.xlsx
2008,Latvia,gdp_country,,MIO_EUR,24531.54,gdp_country.xlsx
2008,Lithuania,gdp_country,,MIO_EUR,32660.07,gdp_country.xlsx
2008,Luxembourg,gdp_country,,MIO_EUR,40009.56,gdp_country.xlsx
2008,Hungary,gdp_country,,MIO_EUR,108345.37,gdp_country.xlsx
2008,Malta,gdp_country,,MIO_EUR,6206.02,gdp_country.xlsx
2008,Netherlands,gdp_country,,MIO_EUR,647198,gdp_country.xlsx
2008,Austria,gdp_country,,MIO_EUR,293761.91,gdp_country.xlsx
2008,Poland,gdp_country,,MIO_EUR,366040.55,gdp_country.xlsx
2008,Portugal,gdp_country,,MIO_EUR,179102.78,gdp_country.xlsx
2008,Romania,gdp_country,,MIO_EUR,146590.62,gdp_country.xlsx
2008,Slovenia,gdp_country,,MIO_EUR,37925.7,gdp_country.xlsx
2008,Slovakia,gdp_country,,MIO_EUR,66098.09,gdp_country.xlsx
2008,Finland,gdp_country,,MIO_EUR,194265,gdp_country.xlsx
2008,Sweden,gdp_country,,MIO_EUR,354881.13,gdp_country.xlsx
2009,Belgium,gdp_country,,MIO_EUR,346472.8,gdp_country.xlsx
2009,Bulgaria,gdp_country,,MIO_EUR,37417.66,gdp_country.xlsx
2009,Czechia,gdp_country,,MIO_EUR,149586.53,gdp_country.xlsx
2009,Denmark,gdp_country,,MIO_EUR,231278.04,gdp_country.xlsx
2009,Germany,gdp_country,,MIO_EUR,2445730,gdp_country.xlsx
2009,Estonia,gdp_country,,MIO_EUR,14131.86,gdp_country.xlsx
2009,Ireland,gdp_country,,MIO_EUR,169519.71,gdp_country.xlsx
2009,Greece,gdp_country,,MIO_EUR,237534.18,gdp_country.xlsx
2009,Spain,gdp_country,,MIO_EUR,1069323,gdp_country.xlsx
2009,France,gdp_country,,MIO_EUR,1936422.3,gdp_country.xlsx
2009,Croatia,gdp_country,,MIO_EUR,45692.39,gdp_country.xlsx
2009,Italy,gdp_country,,MIO_EUR,1577255.9,gdp_country.xlsx
2009,Cyprus,gdp_country,,MIO_EUR,18675.49,gdp_country.xlsx
2009,Latvia,gdp_country,,MIO_EUR,18922.04,gdp_country.xlsx
2009,Lithuania,gdp_country,,MIO_EUR,26897.01,gdp_country.xlsx
2009,Luxembourg,gdp_country,,MIO_EUR,39050.74,gdp_country.xlsx
2009,Hungary,gdp_country,,MIO_EUR,94605.56,gdp_country.xlsx
2009,Malta,gdp_country,,MIO_EUR,6259.64,gdp_country.xlsx
2009,Netherlands,gdp_country,,MIO_EUR,624842,gdp_country.xlsx
2009,Austria,gdp_country,,MIO_EUR,288044.02,gdp_country.xlsx
2009,Poland,gdp_country,,MIO_EUR,317040.62,gdp_country.xlsx
2009,Portugal,gdp_country,,MIO_EUR,175416.44,gdp_country.xlsx
2009,Romania,gdp_country,,MIO_EUR,125213.9,gdp_country.xlsx
2009,Slovenia,gdp_country,,MIO_EUR,36254.93,gdp_country.xlsx
2009,Slovakia,gdp_country,,MIO_EUR,64095.52,gdp_country.xlsx
2009,Finland,gdp_country,,MIO_EUR,181747,gdp_country.xlsx
2009,Sweden,gdp_country,,MIO_EUR,314637.49,gdp_country.xlsx
2010,Belgium,gdp_country,,MIO_EUR,363140.1,gdp_country.xlsx
2010,Bulgaria,gdp_country,,MIO_EUR,38290.01,gdp_country.xlsx
2010,Czechia,gdp_country,,MIO_EUR,157920.82,gdp_country.xlsx
2010,Denmark,gdp_country,,MIO_EUR,243165.39,gdp_country.xlsx
2010,Germany,gdp_country,,MIO_EUR,2564400,gdp_country.xlsx
2010,Estonia,gdp_country,,MIO_EUR,14741.1,gdp_country.xlsx
2010,Ireland,gdp_country,,MIO_EUR,167391.4,gdp_country.xlsx
2010,Greece,gdp_country,,MIO_EUR,224124.03,gdp_country.xlsx
2010,Spain,gdp_country,,MIO_EUR,1072709,gdp_country.xlsx
2010,France,gdp_country,,MIO_EUR,1995289,gdp_country.xlsx
2010,Croatia,gdp_country,,MIO_EUR,45861.75,gdp_country.xlsx
2010,Italy,gdp_country,,MIO_EUR,1611279.4,gdp_country.xlsx
2010,Cyprus,gdp_country,,MIO_EUR,19461.13,gdp_country.xlsx
2010,Latvia,gdp_country,,MIO_EUR,17937.5,gdp_country.xlsx
2010,Lithuania,gdp_country,,MIO_EUR,28033.83,gdp_country.xlsx
2010,Luxembourg,gdp_country,,MIO_EUR,42402.72,gdp_country.xlsx
2010,Hungary,gdp_country,,MIO_EUR,99771.65,gdp_country.xlsx
2010,Malta,gdp_country,,MIO_EUR,6815.8,gdp_country.xlsx
2010,Netherlands,gdp_country,,MIO_EUR,639187,gdp_country.xlsx
2010,Austria,gdp_country,,MIO_EUR,295896.64,gdp_country.xlsx
2010,Poland,gdp_country,,MIO_EUR,359067.76,gdp_country.xlsx
2010,Portugal,gdp_country,,MIO_EUR,179610.78,gdp_country.xlsx
2010,Romania,gdp_country,,MIO_EUR,128278.88,gdp_country.xlsx
2010,Slovenia,gdp_country,,MIO_EUR,36363.91,gdp_country.xlsx
2010,Slovakia,gdp_country,,MIO_EUR,68764.95,gdp_country.xlsx
2010,Finland,gdp_country,,MIO_EUR,188143,gdp_country.xlsx
2010,Sweden,gdp_country,,MIO_EUR,374695.25,gdp_country.xlsx
2011,Belgium,gdp_country,,MIO_EUR,375967.8,gdp_country.xlsx
2011,Bulgaria,gdp_country,,MIO_EUR,41479.86,gdp_country.xlsx
2011,Czechia,gdp_country,,MIO_EUR,165202.24,gdp_country.xlsx
2011,Denmark,gdp_country,,MIO_EUR,247879.85,gdp_country.xlsx
2011,Germany,gdp_country,,MIO_EUR,2693560,gdp_country.xlsx
2011,Estonia,gdp_country,,MIO_EUR,16677.26,gdp_country.xlsx
2011,Ireland,gdp_country,,MIO_EUR,171823.51,gdp_country.xlsx
2011,Greece,gdp_country,,MIO_EUR,203308.22,gdp_country.xlsx
2011,Spain,gdp_country,,MIO_EUR,1063763,gdp_country.xlsx
2011,France,gdp_country,,MIO_EUR,2058368.9,gdp_country.xlsx
2011,Croatia,gdp_country,,MIO_EUR,45649.2,gdp_country.xlsx
2011,Italy,gdp_country,,MIO_EUR,1648755.8,gdp_country.xlsx
2011,Cyprus,gdp_country,,MIO_EUR,19858.08,gdp_country.xlsx
2011,Latvia,gdp_country,,MIO_EUR,19666.01,gdp_country.xlsx
2011,Lithuania,gdp_country,,MIO_EUR,31317.17,gdp_country.xlsx
2011,Luxembourg,gdp_country,,MIO_EUR,44323.47,gdp_country.xlsx
2011,Hungary,gdp_country,,MIO_EUR,102151.99,gdp_country.xlsx
2011,Malta,gdp_country,,MIO_EUR,6924.6,gdp_country.xlsx
2011,Netherlands,gdp_country,,MIO_EUR,650359,gdp_country.xlsx
2011,Austria,gdp_country,,MIO_EUR,310128.66,gdp_country.xlsx
2011,Poland,gdp_country,,MIO_EUR,377042.42,gdp_country.xlsx
2011,Portugal,gdp_country,,MIO_EUR,176096.17,gdp_country.xlsx
2011,Romania,gdp_country,,MIO_EUR,138520.75,gdp_country.xlsx
2011,Slovenia,gdp_country,,MIO_EUR,37058.57,gdp_country.xlsx
2011,Slovakia,gdp_country,,MIO_EUR,71785.85,gdp_country.xlsx
2011,Finland,gdp_country,,MIO_EUR,197998,gdp_country.xlsx
2011,Sweden,gdp_country,,MIO_EUR,412844.69,gdp_country.xlsx
2012,Belgium,gdp_country,,MIO_EUR,386174.7,gdp_country.xlsx
2012,Bulgaria,gdp_country,,MIO_EUR,42255.26,gdp_country.xlsx
2012,Czechia,gdp_country,,MIO_EUR,162587.46,gdp_country.xlsx
2012,Denmark,gdp_country,,MIO_EUR,254578,gdp_country.xlsx
2012,Germany,gdp_country,,MIO_EUR,2745310,gdp_country.xlsx
2012,Estonia,gdp_country,,MIO_EUR,17916.68,gdp_country.xlsx
2012,Ireland,gdp_country,,MIO_EUR,175218.48,gdp_country.xlsx
2012,Greece,gdp_country,,MIO_EUR,188380.64,gdp_country.xlsx
2012,Spain,gdp_country,,MIO_EUR,1031104,gdp_country.xlsx
2012,France,gdp_country,,MIO_EUR,2088804.4,gdp_country.xlsx
2012,Croatia,gdp_country,,MIO_EUR,44717.2,gdp_country.xlsx
2012,Italy,gdp_country,,MIO_EUR,1624358.7,gdp_country.xlsx
2012,Cyprus,gdp_country,,MIO_EUR,19495.37,gdp_country.xlsx
2012,Latvia,gdp_country,,MIO_EUR,22097.51,gdp_country.xlsx
2012,Lithuania,gdp_country,,MIO_EUR,33410.16,gdp_country.xlsx
2012,Luxembourg,gdp_country,,MIO_EUR,46526.24,gdp_country.xlsx
2012,Hungary,gdp_country,,MIO_EUR,100247.64,gdp_country.xlsx
2012,Malta,gdp_country,,MIO_EUR,7364.46,gdp_country.xlsx
2012,Netherlands,gdp_country,,MIO_EUR,652966,gdp_country.xlsx
2012,Austria,gdp_country,,MIO_EUR,318653.04,gdp_country.xlsx
2012,Poland,gdp_country,,MIO_EUR,385389.39,gdp_country.xlsx
2012,Portugal,gdp_country,,MIO_EUR,168295.57,gdp_country.xlsx
2012,Romania,gdp_country,,MIO_EUR,139319.78,gdp_country.xlsx
2012,Slovenia,gdp_country,,MIO_EUR,36253.27,gdp_country.xlsx
2012,Slovakia,gdp_country,,MIO_EUR,73649.26,gdp_country.xlsx
2012,Finland,gdp_country,,MIO_EUR,201037,gdp_country.xlsx
2012,Sweden,gdp_country,,MIO_EUR,430037.11,gdp_country.xlsx
2013,Belgium,gdp_country,,MIO_EUR,392880,gdp_country.xlsx
2013,Bulgaria,gdp_country,,MIO_EUR,42056.15,gdp_country.xlsx
2013,Czechia,gdp_country,,MIO_EUR,159461.55,gdp_country.xlsx
2013,Denmark,gdp_country,,MIO_EUR,258742.68,gdp_country.xlsx
2013,Germany,gdp_country,,MIO_EUR,2811350,gdp_country.xlsx
2013,Estonia,gdp_country,,MIO_EUR,18910.78,gdp_country.xlsx
2013,Ireland,gdp_country,,MIO_EUR,179285.63,gdp_country.xlsx
2013,Greece,gdp_country,,MIO_EUR,179884.38,gdp_country.xlsx
2013,Spain,gdp_country,,MIO_EUR,1020677,gdp_country.xlsx
2013,France,gdp_country,,MIO_EUR,2117189.1,gdp_country.xlsx
2013,Croatia,gdp_country,,MIO_EUR,44532.85,gdp_country.xlsx
2013,Italy,gdp_country,,MIO_EUR,1612751.3,gdp_country.xlsx
2013,Cyprus,gdp_country,,MIO_EUR,18040.35,gdp_country.xlsx
2013,Latvia,gdp_country,,MIO_EUR,22791.3,gdp_country.xlsx
2013,Lithuania,gdp_country,,MIO_EUR,35039.54,gdp_country.xlsx
2013,Luxembourg,gdp_country,,MIO_EUR,49094.49,gdp_country.xlsx
2013,Hungary,gdp_country,,MIO_EUR,102239.71,gdp_country.xlsx
2013,Malta,gdp_country,,MIO_EUR,7944.35,gdp_country.xlsx
2013,Netherlands,gdp_country,,MIO_EUR,660463,gdp_country.xlsx
2013,Austria,gdp_country,,MIO_EUR,323910.2,gdp_country.xlsx
2013,Poland,gdp_country,,MIO_EUR,388356.4,gdp_country.xlsx
2013,Portugal,gdp_country,,MIO_EUR,170492.27,gdp_country.xlsx
2013,Romania,gdp_country,,MIO_EUR,142928.92,gdp_country.xlsx
2013,Slovenia,gdp_country,,MIO_EUR,36454.33,gdp_country.xlsx
2013,Slovakia,gdp_country,,MIO_EUR,74492.79,gdp_country.xlsx
2013,Finland,gdp_country,,MIO_EUR,204321,gdp_country.xlsx
2013,Sweden,gdp_country,,MIO_EUR,441850.66,gdp_country.xlsx
2014,Belgium,gdp_country,,MIO_EUR,403003.3,gdp_country.xlsx
2014,Bulgaria,gdp_country,,MIO_EUR,43024.69,gdp_country.xlsx
2014,Czechia,gdp_country,,MIO_EUR,157821.25,gdp_country.xlsx
2014,Denmark,gdp_country,,MIO_EUR,265756.96,gdp_country.xlsx
2014,Germany,gdp_country,,MIO_EUR,2927430,gdp_country.xlsx
2014,Estonia,gdp_country,,MIO_EUR,20048.23,gdp_country.xlsx
2014,Ireland,gdp_country,,MIO_EUR,195469.88,gdp_country.xlsx
2014,Greece,gdp_country,,MIO_EUR,177235.98,gdp_country.xlsx
2014,Spain,gdp_country,,MIO_EUR,1032608,gdp_country.xlsx
2014,France,gdp_country,,MIO_EUR,2149765,gdp_country.xlsx
2014,Croatia,gdp_country,,MIO_EUR,44084.16,gdp_country.xlsx
2014,Italy,gdp_country,,MIO_EUR,1627405.6,gdp_country.xlsx
2014,Cyprus,gdp_country,,MIO_EUR,17482.8,gdp_country.xlsx
2014,Latvia,gdp_country,,MIO_EUR,23625.8,gdp_country.xlsx
2014,Lithuania,gdp_country,,MIO_EUR,36581.31,gdp_country.xlsx
2014,Luxembourg,gdp_country,,MIO_EUR,51791.32,gdp_country.xlsx
2014,Hungary,gdp_country,,MIO_EUR,106263.83,gdp_country.xlsx
2014,Malta,gdp_country,,MIO_EUR,8751.1,gdp_country.xlsx
2014,Netherlands,gdp_country,,MIO_EUR,671560,gdp_country.xlsx
2014,Austria,gdp_country,,MIO_EUR,333146.07,gdp_country.xlsx
2014,Poland,gdp_country,,MIO_EUR,406412.54,gdp_country.xlsx
2014,Portugal,gdp_country,,MIO_EUR,173053.69,gdp_country.xlsx
2014,Romania,gdp_country,,MIO_EUR,150522.4,gdp_country.xlsx
2014,Slovenia,gdp_country,,MIO_EUR,37634.29,gdp_country.xlsx
2014,Slovakia,gdp_country,,MIO_EUR,76354.52,gdp_country.xlsx
2014,Finland,gdp_country,,MIO_EUR,206897,gdp_country.xlsx
2014,Sweden,gdp_country,,MIO_EUR,438833.87,gdp_country.xlsx
2015,Belgium,gdp_country,,MIO_EUR,416701.4,gdp_country.xlsx
2015,Bulgaria,gdp_country,,MIO_EUR,45797.82,gdp_country.xlsx
2015,Czechia,gdp_country,,MIO_EUR,169558.19,gdp_country.xlsx
2015,Denmark,gdp_country,,MIO_EUR,273017.58,gdp_country.xlsx
2015,Germany,gdp_country,,MIO_EUR,3026180,gdp_country.xlsx
2015,Estonia,gdp_country,,MIO_EUR,20631.36,gdp_country.xlsx
2015,Ireland,gdp_country,,MIO_EUR,263506.83,gdp_country.xlsx
2015,Greece,gdp_country,,MIO_EUR,176368.86,gdp_country.xlsx
2015,Spain,gdp_country,,MIO_EUR,1078092,gdp_country.xlsx
2015,France,gdp_country,,MIO_EUR,2198432,gdp_country.xlsx
2015,Croatia,gdp_country,,MIO_EUR,45360.74,gdp_country.xlsx
2015,Italy,gdp_country,,MIO_EUR,1655355,gdp_country.xlsx
2015,Cyprus,gdp_country,,MIO_EUR,17944.15,gdp_country.xlsx
2015,Latvia,gdp_country,,MIO_EUR,24572.13,gdp_country.xlsx
2015,Lithuania,gdp_country,,MIO_EUR,37345.7,gdp_country.xlsx
2015,Luxembourg,gdp_country,,MIO_EUR,54142.3,gdp_country.xlsx
2015,Hungary,gdp_country,,MIO_EUR,112791.01,gdp_country.xlsx
2015,Malta,gdp_country,,MIO_EUR,9996.71,gdp_country.xlsx
2015,Netherlands,gdp_country,,MIO_EUR,690008,gdp_country.xlsx
2015,Austria,gdp_country,,MIO_EUR,344269.23,gdp_country.xlsx
2015,Poland,gdp_country,,MIO_EUR,429834.61,gdp_country.xlsx
2015,Portugal,gdp_country,,MIO_EUR,179713.16,gdp_country.xlsx
2015,Romania,gdp_country,,MIO_EUR,160287.85,gdp_country.xlsx
2015,Slovenia,gdp_country,,MIO_EUR,38852.64,gdp_country.xlsx
2015,Slovakia,gdp_country,,MIO_EUR,80126.05,gdp_country.xlsx
2015,Finland,gdp_country,,MIO_EUR,211385,gdp_country.xlsx
2015,Sweden,gdp_country,,MIO_EUR,455494.73,gdp_country.xlsx
2016,Belgium,gdp_country,,MIO_EUR,430085.3,gdp_country.xlsx
2016,Bulgaria,gdp_country,,MIO_EUR,48752.14,gdp_country.xlsx
2016,Czechia,gdp_country,,MIO_EUR,177438.52,gdp_country.xlsx
2016,Denmark,gdp_country,,MIO_EUR,283109.68,gdp_country.xlsx
2016,Germany,gdp_country,,MIO_EUR,3134740,gdp_country.xlsx
2016,Estonia,gdp_country,,MIO_EUR,21747.91,gdp_country.xlsx
2016,Ireland,gdp_country,,MIO_EUR,269724.84,gdp_country.xlsx
2016,Greece,gdp_country,,MIO_EUR,174494.18,gdp_country.xlsx
2016,Spain,gdp_country,,MIO_EUR,1114420,gdp_country.xlsx
2016,France,gdp_country,,MIO_EUR,2234129,gdp_country.xlsx
2016,Croatia,gdp_country,,MIO_EUR,47448.92,gdp_country.xlsx
2016,Italy,gdp_country,,MIO_EUR,1695786.8,gdp_country.xlsx
2016,Cyprus,gdp_country,,MIO_EUR,19013.82,gdp_country.xlsx
2016,Latvia,gdp_country,,MIO_EUR,25371.32,gdp_country.xlsx
2016,Lithuania,gdp_country,,MIO_EUR,38889.86,gdp_country.xlsx
2016,Luxembourg,gdp_country,,MIO_EUR,56208.07,gdp_country.xlsx
2016,Hungary,gdp_country,,MIO_EUR,116255.67,gdp_country.xlsx
2016,Malta,gdp_country,,MIO_EUR,10541.13,gdp_country.xlsx
2016,Netherlands,gdp_country,,MIO_EUR,708337,gdp_country.xlsx
2016,Austria,gdp_country,,MIO_EUR,357607.95,gdp_country.xlsx
2016,Poland,gdp_country,,MIO_EUR,424735.29,gdp_country.xlsx
2016,Portugal,gdp_country,,MIO_EUR,186489.81,gdp_country.xlsx
2016,Romania,gdp_country,,MIO_EUR,167494.3,gdp_country.xlsx
2016,Slovenia,gdp_country,,MIO_EUR,40443.22,gdp_country.xlsx
2016,Slovakia,gdp_country,,MIO_EUR,81265.2,gdp_country.xlsx
2016,Finland,gdp_country,,MIO_EUR,217518,gdp_country.xlsx
2016,Sweden,gdp_country,,MIO_EUR,466266.51,gdp_country.xlsx
2017,Belgium,gdp_country,,MIO_EUR,445050.1,gdp_country.xlsx
2017,Bulgaria,gdp_country,,MIO_EUR,52501.77,gdp_country.xlsx
2017,Czechia,gdp_country,,MIO_EUR,194132.91,gdp_country.xlsx
2017,Denmark,gdp_country,,MIO_EUR,294808.16,gdp_country.xlsx
2017,Germany,gdp_country,,MIO_EUR,3267160,gdp_country.xlsx
2017,Estonia,gdp_country,,MIO_EUR,23833.61,gdp_country.xlsx
2017,Ireland,gdp_country,,MIO_EUR,298528.31,gdp_country.xlsx
2017,Greece,gdp_country,,MIO_EUR,176903.37,gdp_country.xlsx
2017,Spain,gdp_country,,MIO_EUR,1162492,gdp_country.xlsx
2017,France,gdp_country,,MIO_EUR,2297242,gdp_country.xlsx
2017,Croatia,gdp_country,,MIO_EUR,50096.85,gdp_country.xlsx
2017,Italy,gdp_country,,MIO_EUR,1736592.8,gdp_country.xlsx
2017,Cyprus,gdp_country,,MIO_EUR,20312.44,gdp_country.xlsx
2017,Latvia,gdp_country,,MIO_EUR,26984.43,gdp_country.xlsx
2017,Lithuania,gdp_country,,MIO_EUR,42276.3,gdp_country.xlsx
2017,Luxembourg,gdp_country,,MIO_EUR,58168.78,gdp_country.xlsx
2017,Hungary,gdp_country,,MIO_EUR,127024.67,gdp_country.xlsx
2017,Malta,gdp_country,,MIO_EUR,11936.6,gdp_country.xlsx
2017,Netherlands,gdp_country,,MIO_EUR,738146,gdp_country.xlsx
2017,Austria,gdp_country,,MIO_EUR,369361.87,gdp_country.xlsx
2017,Poland,gdp_country,,MIO_EUR,465772.61,gdp_country.xlsx
2017,Portugal,gdp_country,,MIO_EUR,195947.21,gdp_country.xlsx
2017,Romania,gdp_country,,MIO_EUR,186398.99,gdp_country.xlsx
2017,Slovenia,gdp_country,,MIO_EUR,43011.34,gdp_country.xlsx
2017,Slovakia,gdp_country,,MIO_EUR,84669.88,gdp_country.xlsx
2017,Finland,gdp_country,,MIO_EUR,226301,gdp_country.xlsx
2017,Sweden,gdp_country,,MIO_EUR,480025.53,gdp_country.xlsx
2018,Belgium,gdp_country,,MIO_EUR,460050.8,gdp_country.xlsx
2018,Bulgaria,gdp_country,,MIO_EUR,56199.8,gdp_country.xlsx
2018,Czechia,gdp_country,,MIO_EUR,210970.52,gdp_country.xlsx
2018,Denmark,gdp_country,,MIO_EUR,302328.7,gdp_country.xlsx
2018,Germany,gdp_country,,MIO_EUR,3365450,gdp_country.xlsx
2018,Estonia,gdp_country,,MIO_EUR,25932.18,gdp_country.xlsx
2018,Ireland,gdp_country,,MIO_EUR,327441.37,gdp_country.xlsx
2018,Greece,gdp_country,,MIO_EUR,179557.68,gdp_country.xlsx
2018,Spain,gdp_country,,MIO_EUR,1203859,gdp_country.xlsx
2018,France,gdp_country,,MIO_EUR,2363306,gdp_country.xlsx
2018,Croatia,gdp_country,,MIO_EUR,52876.88,gdp_country.xlsx
2018,Italy,gdp_country,,MIO_EUR,1771391.2,gdp_country.xlsx
2018,Cyprus,gdp_country,,MIO_EUR,21675.1,gdp_country.xlsx
2018,Latvia,gdp_country,,MIO_EUR,29153.56,gdp_country.xlsx
2018,Lithuania,gdp_country,,MIO_EUR,45515.23,gdp_country.xlsx
2018,Luxembourg,gdp_country,,MIO_EUR,60121.16,gdp_country.xlsx
2018,Hungary,gdp_country,,MIO_EUR,136055.41,gdp_country.xlsx
2018,Malta,gdp_country,,MIO_EUR,13044.02,gdp_country.xlsx
2018,Netherlands,gdp_country,,MIO_EUR,773987,gdp_country.xlsx
2018,Austria,gdp_country,,MIO_EUR,385274.09,gdp_country.xlsx
2018,Poland,gdp_country,,MIO_EUR,499004.11,gdp_country.xlsx
2018,Portugal,gdp_country,,MIO_EUR,205184.12,gdp_country.xlsx
2018,Romania,gdp_country,,MIO_EUR,206071.9,gdp_country.xlsx
2018,Slovenia,gdp_country,,MIO_EUR,45876.35,gdp_country.xlsx
2018,Slovakia,gdp_country,,MIO_EUR,89874.69,gdp_country.xlsx
2018,Finland,gdp_country,,MIO_EUR,233462,gdp_country.xlsx
2018,Sweden,gdp_country,,MIO_EUR,470673.11,gdp_country.xlsx
2019,Belgium,gdp_country,,MIO_EUR,478676.2,gdp_country.xlsx
2019,Bulgaria,gdp_country,,MIO_EUR,61530.84,gdp_country.xlsx
2019,Czechia,gdp_country,,MIO_EUR,225613.48,gdp_country.xlsx
2019,Denmark,gdp_country,,MIO_EUR,309526.37,gdp_country.xlsx
2019,Germany,gdp_country,,MIO_EUR,3474110,gdp_country.xlsx
2019,Estonia,gdp_country,,MIO_EUR,27951.02,gdp_country.xlsx
2019,Ireland,gdp_country,,MIO_EUR,356357.39,gdp_country.xlsx
2019,Greece,gdp_country,,MIO_EUR,183347.42,gdp_country.xlsx
2019,Spain,gdp_country,,MIO_EUR,1245513,gdp_country.xlsx
2019,France,gdp_country,,MIO_EUR,2437635,gdp_country.xlsx
2019,Croatia,gdp_country,,MIO_EUR,55772.32,gdp_country.xlsx
2019,Italy,gdp_country,,MIO_EUR,1796648.5,gdp_country.xlsx
2019,Cyprus,gdp_country,,MIO_EUR,23177.86,gdp_country.xlsx
2019,Latvia,gdp_country,,MIO_EUR,30572.87,gdp_country.xlsx
2019,Lithuania,gdp_country,,MIO_EUR,48959.16,gdp_country.xlsx
2019,Luxembourg,gdp_country,,MIO_EUR,62431.53,gdp_country.xlsx
2019,Hungary,gdp_country,,MIO_EUR,146554.53,gdp_country.xlsx
2019,Malta,gdp_country,,MIO_EUR,14294.24,gdp_country.xlsx
2019,Netherlands,gdp_country,,MIO_EUR,813055,gdp_country.xlsx
2019,Austria,gdp_country,,MIO_EUR,397147.19,gdp_country.xlsx
2019,Poland,gdp_country,,MIO_EUR,532504.65,gdp_country.xlsx
2019,Portugal,gdp_country,,MIO_EUR,214374.62,gdp_country.xlsx
2019,Romania,gdp_country,,MIO_EUR,224178.58,gdp_country.xlsx
2019,Slovenia,gdp_country,,MIO_EUR,48582.31,gdp_country.xlsx
2019,Slovakia,gdp_country,,MIO_EUR,94429.73,gdp_country.xlsx
2019,Finland,gdp_country,,MIO_EUR,239858,gdp_country.xlsx
2019,Sweden,gdp_country,,MIO_EUR,476869.52,gdp_country.xlsx
2020,Belgium,gdp_country,,MIO_EUR,460747.7,gdp_country.xlsx
2020,Bulgaria,gdp_country,,MIO_EUR,61607.74,gdp_country.xlsx
2020,Czechia,gdp_country,,MIO_EUR,215805.37,gdp_country.xlsx
2020,Denmark,gdp_country,,MIO_EUR,311356.27,gdp_country.xlsx
2020,Germany,gdp_country,,MIO_EUR,3403730,gdp_country.xlsx
2020,Estonia,gdp_country,,MIO_EUR,27429.98,gdp_country.xlsx
2020,Ireland,gdp_country,,MIO_EUR,375249.65,gdp_country.xlsx
2020,Greece,gdp_country,,MIO_EUR,165015.74,gdp_country.xlsx
2020,Spain,gdp_country,,MIO_EUR,1119010,gdp_country.xlsx
2020,France,gdp_country,,MIO_EUR,2317832,gdp_country.xlsx
2020,Croatia,gdp_country,,MIO_EUR,50543.11,gdp_country.xlsx
2020,Italy,gdp_country,,MIO_EUR,1661239.8,gdp_country.xlsx
2020,Cyprus,gdp_country,,MIO_EUR,22086.57,gdp_country.xlsx
2020,Latvia,gdp_country,,MIO_EUR,30109.46,gdp_country.xlsx
2020,Lithuania,gdp_country,,MIO_EUR,49873.17,gdp_country.xlsx
2020,Luxembourg,gdp_country,,MIO_EUR,64524.27,gdp_country.xlsx
2020,Hungary,gdp_country,,MIO_EUR,137865.97,gdp_country.xlsx
2020,Malta,gdp_country,,MIO_EUR,13352.38,gdp_country.xlsx
2020,Netherlands,gdp_country,,MIO_EUR,796530,gdp_country.xlsx
2020,Austria,gdp_country,,MIO_EUR,380888.46,gdp_country.xlsx
2020,Poland,gdp_country,,MIO_EUR,526147.2,gdp_country.xlsx
2020,Portugal,gdp_country,,MIO_EUR,200518.86,gdp_country.xlsx
2020,Romania,gdp_country,,MIO_EUR,220486.64,gdp_country.xlsx
2020,Slovenia,gdp_country,,MIO_EUR,47044.92,gdp_country.xlsx
2020,Slovakia,gdp_country,,MIO_EUR,93444.1,gdp_country.xlsx
2020,Finland,gdp_country,,MIO_EUR,238038,gdp_country.xlsx
2020,Sweden,gdp_country,,MIO_EUR,480556.42,gdp_country.xlsx
2021,Belgium,gdp_country,,MIO_EUR,507929.6,gdp_country.xlsx
2021,Bulgaria,gdp_country,,MIO_EUR,71060.14,gdp_country.xlsx
2021,Czechia,gdp_country,,MIO_EUR,238249.49,gdp_country.xlsx
2021,Denmark,gdp_country,,MIO_EUR,342961.72,gdp_country.xlsx
2021,Germany,gdp_country,,MIO_EUR,3617450,gdp_country.xlsx
2021,Estonia,gdp_country,,MIO_EUR,31168.97,gdp_country.xlsx
2021,Ireland,gdp_country,,MIO_EUR,434069.74,gdp_country.xlsx
2021,Greece,gdp_country,,MIO_EUR,181500.37,gdp_country.xlsx
2021,Spain,gdp_country,,MIO_EUR,1222290,gdp_country.xlsx
2021,France,gdp_country,,MIO_EUR,2502118,gdp_country.xlsx
2021,Croatia,gdp_country,,MIO_EUR,58455.11,gdp_country.xlsx
2021,Italy,gdp_country,,MIO_EUR,1822344.5,gdp_country.xlsx
2021,Cyprus,gdp_country,,MIO_EUR,24927.63,gdp_country.xlsx
2021,Latvia,gdp_country,,MIO_EUR,33348.93,gdp_country.xlsx
2021,Lithuania,gdp_country,,MIO_EUR,56478.11,gdp_country.xlsx
2021,Luxembourg,gdp_country,,MIO_EUR,72360.86,gdp_country.xlsx
2021,Hungary,gdp_country,,MIO_EUR,153963.31,gdp_country.xlsx
2021,Malta,gdp_country,,MIO_EUR,15327.27,gdp_country.xlsx
2021,Netherlands,gdp_country,,MIO_EUR,870587,gdp_country.xlsx
2021,Austria,gdp_country,,MIO_EUR,405241.42,gdp_country.xlsx
2021,Poland,gdp_country,,MIO_EUR,576382.63,gdp_country.xlsx
2021,Portugal,gdp_country,,MIO_EUR,216053.21,gdp_country.xlsx
2021,Romania,gdp_country,,MIO_EUR,241611.26,gdp_country.xlsx
2021,Slovenia,gdp_country,,MIO_EUR,52278.76,gdp_country.xlsx
2021,Slovakia,gdp_country,,MIO_EUR,100255.72,gdp_country.xlsx
2021,Finland,gdp_country,,MIO_EUR,250664,gdp_country.xlsx
2021,Sweden,gdp_country,,MIO_EUR,540734.05,gdp_country.xlsx
